email,password
marcel1315@gmail.com,arst123$
aree33@gmail.com,arusnar-wq123
john_doe45@yahoo.com,jdoe234!
emily_smith88@hotmail.com,emsmith#432
sara.park99@gmail.com,sparky_567
michael.brown22@gmail.com,mbrown@908
lisa_keller12@yahoo.com,lisa!43tz
david.james34@outlook.com,djames@pw12
kevin.lee67@gmail.com,klee_pw!78
nancy_walker54@hotmail.com,nwalker%21z
mark_jones87@gmail.com,mjones*345
olivia_harrison99@outlook.com,oharry_214
brad_cooper21@yahoo.com,bcoop&rt123
sophie.wilson12@gmail.com,swilson!890
patrick_baker66@hotmail.com,pbaker_134#
julia.roberts98@yahoo.com,jroberts_pw98
charles_hall55@gmail.com,chhall*678
heather_adams31@outlook.com,hadams@1234
justin_turner43@gmail.com,jturner!pw09
emma_white67@hotmail.com,ewhite_432!
matthew_davis33@yahoo.com,mdavis&201
nina_kim11@gmail.com,nkim$pass45
jacob_wilson99@outlook.com,jwilson_432!
hannah_mitchell76@yahoo.com,hmitchell!980
jackson_sanders33@gmail.com,jsanders_123
lucas_anderson78@hotmail.com,landerson*567
anna_scott43@gmail.com,ascott#342
brian_carter56@yahoo.com,bcarter@789
chloe_morris24@hotmail.com,cmorris$654
victoria_wright65@gmail.com,vwright!990
ryan_green89@yahoo.com,rgreen_pw#876
abigail_coleman23@gmail.com,acoleman*pw23
alexander_long88@outlook.com,along%234
jessica_king45@gmail.com,jking!0912
benjamin_allen77@yahoo.com,ballen_pw$23
rachel_lee99@gmail.com,rlee!532
zachary_clark34@outlook.com,zclark_pw43
madison_evans78@gmail.com,mevans$0102
elizabeth_morgan22@yahoo.com,emorgan%789
thomas_harris11@gmail.com,tharris_pw21
elijah_smith33@outlook.com,esmith_876
grace_hall65@gmail.com,ghall!1456
mason_richards44@yahoo.com,mrichards#765
lily_reed99@gmail.com,lreed$9182
daniel_walker23@hotmail.com,dwalker_pw45
avery_price87@gmail.com,aprice#890
ella_hughes33@yahoo.com,ehughes@pw99
logan_wood54@gmail.com,lwood!1234
sophia_patterson22@yahoo.com,spatterson#908
noah_hayes66@gmail.com,nhayes_pw$789
zoe_griffin11@hotmail.com,zgriffin&456
harper_cole77@gmail.com,hcole%pw21
liam_foster99@outlook.com,lfoster_678
scarlett_simmons34@gmail.com,ssimmons!901
isaac_edwards22@yahoo.com,iedwards_pw123
mia_bell65@gmail.com,mbell_098
owen_rivera33@hotmail.com,orivera@5678
amelia_bennett11@gmail.com,abennett*345
aiden_cook78@yahoo.com,acook_pw987
samantha_garcia56@gmail.com,sgarcia!765
carter_ward23@outlook.com,cward$123
hannah_kelly34@gmail.com,hkelly#456
carson_murphy66@yahoo.com,cmurphy_pw89
scarlett_barnes22@gmail.com,sbarnes*678
alexis_perez33@gmail.com,aperez_pw901
nathan_hughes77@hotmail.com,nhughes!432
nora_grant44@yahoo.com,ngrant$pw23
owen_ross99@gmail.com,oross_098
violet_bryant65@gmail.com,vbryant#345
adam_oliver22@hotmail.com,aoliver_pw56
layla_morris11@yahoo.com,lmorris$789
caleb_henderson66@gmail.com,chenderson_pw901
sophia_gibson34@gmail.com,sgibson!345
hunter_gonzalez99@outlook.com,hgonzalez_pw890
logan_anderson78@gmail.com,landerson$pw345
harper_mitchell22@yahoo.com,hmitchell#432
ethan_martin44@gmail.com,emartin_pw678
mia_wood33@gmail.com,mwood*1234
carter_ross66@gmail.com,cross_pw234
madison_lee87@outlook.com,mlee!987
matthew_scott99@gmail.com,mscott#098
abigail_edwards11@yahoo.com,aedwards_pw567
william_hill44@gmail.com,whill$pw890
ella_richards78@gmail.com,erichards!123
grace_jones33@gmail.com,gjones_876
jackson_carter11@outlook.com,jcarter_pw012
zoe_white22@gmail.com,zwhite$pw345
elijah_wright65@yahoo.com,ewright!654
avery_allen44@gmail.com,aallen_pw@345
ryan_gibson33@hotmail.com,rgibson_321
hannah_cole11@gmail.com,hcole!432
kevin_lee99@outlook.com,klee_pw098
lucas_morris78@gmail.com,lmorris@123
scarlett_walker23@yahoo.com,swalker$987
jackson_grant44@gmail.com,jgrant_pw432
james_brown33@gmail.com,jbrown@678
hannah_davis22@yahoo.com,hdavis!456
alexis_oliver99@gmail.com,aoliver_pw765
victoria_smith78@outlook.com,vsmith$123
grace_johnson22@gmail.com,gjohnson#908
daniel_evans99@gmail.com,devans_pw567
layla_mitchell11@yahoo.com,lmitchell*432
mia_wright77@gmail.com,mwright_pw012
hunter_white65@gmail.com,hwhite@pw678
scarlett_green33@gmail.com,sgreen_1234
liam_richards22@outlook.com,lrichards!908
nathan_kelly78@yahoo.com,nkelly_pw345
lucas_james11@gmail.com,ljames$pw432
sophia_ward34@gmail.com,sward#678
grace_walker65@hotmail.com,gwalker_pw123
caleb_lee77@gmail.com,clee@908
olivia_hughes44@yahoo.com,ohughes!654
jacob_murphy33@gmail.com,jmurphy_pw987
emma_williams22@gmail.com,ewilliams#432
madison_sanders99@gmail.com,msanders_pw123
daniel_cole65@yahoo.com,dcole!567
lily_martin44@gmail.com,lmartin_pw$432
carson_clark77@gmail.com,cclark_pw234
mia_roberts33@hotmail.com,mroberts_987
jackson_king22@gmail.com,jking#432
zoe_turner11@outlook.com,zturner_pw123
emma_gonzalez44@gmail.com,egonzalez!234
nathan_clark99@gmail.com,nclark_pw$345
